<?xml version="1.0" encoding="utf-8"?>
<extension version="2.5" type="module" client="site" method="upgrade">
	<name>RSForm! Pro Module</name>
	<author>RSJoomla!</author>
	<creationDate>November 2012</creationDate>
	<copyright>(C) 2007-2015 www.rsjoomla.com</copyright>
	<license>GNU General Public License</license>
	<authorEmail>support@rsjoomla.com</authorEmail>
	<authorUrl>www.rsjoomla.com</authorUrl>
	<version>1.51.1</version>
	<description><![CDATA[MOD_RSFORM_DESC]]></description>
	<scriptfile>script.php</scriptfile>
	
	<updateservers>
        <server type="extension" priority="1" name="RSForm! Pro - Module">https://www.rsjoomla.com/updates/com_rsform/Modules/mod_rsform.xml</server>
    </updateservers>
	
	<files>
		<filename module="mod_rsform">mod_rsform.php</filename>
		<filename>index.html</filename>
		<folder>tmpl</folder>
	</files>
	<languages folder="language/en-GB">
		<language tag="en-GB">en-GB.mod_rsform.ini</language>
		<language tag="en-GB">en-GB.mod_rsform.sys.ini</language>
	</languages>
	<config>
		<fields name="params" addfieldpath="/administrator/components/com_rsform/models/fields">
			<fieldset name="basic">
				<field name="formId" type="forms" default="1" label="MOD_RSFORM_FORM_ID" description="MOD_RSFORM_FORM_ID_DESC" />
				<field name="moduleclass_sfx" type="text" default="" label="COM_MODULES_FIELD_MODULECLASS_SFX_LABEL" description="COM_MODULES_FIELD_MODULECLASS_SFX_DESC" />
			</fieldset>
			<fieldset name="advanced">
				<field
					name="cache"
					type="list"
					default="1"
					label="COM_MODULES_FIELD_CACHING_LABEL"
					description="COM_MODULES_FIELD_CACHING_DESC">
					<option
						value="1">JGLOBAL_USE_GLOBAL</option>
					<option
						value="0">COM_MODULES_FIELD_VALUE_NOCACHING</option>
				</field>

				<field
					name="cache_time"
					type="text"
					default="900"
					label="COM_MODULES_FIELD_CACHE_TIME_LABEL"
					description="COM_MODULES_FIELD_CACHE_TIME_DESC" />
				<field
					name="cachemode"
					type="hidden"
					default="static">
					<option
						value="static"></option>
				</field>
			</fieldset>
		</fields>
	</config>
</extension>