<?xml version="1.0" encoding="utf-8"?>
<extension version="2.5" type="plugin" group="system" method="upgrade">
	<name>System - RSForm! Pro NextPay</name>
	<author>Nextpay Payment Gateway Groups</author>
	<creationDate>Nov 2016</creationDate>
	<copyright>(C) 2016-2017 www.nextpay.ir</copyright>
	<license>GNU General Public License</license>
	<authorEmail>info@nextpay.ir</authorEmail>
	<authorUrl>www.nextpay.ir</authorUrl>
	<version>1.0.0</version>
	<description><![CDATA[PLG_SYSTEM_RSFPNEXTPAY_DESC]]></description>
	<scriptfile>script.php</scriptfile>
	<install>
		<sql>
			<file driver="mysql" charset="utf8">sql/mysql/install.sql</file>
		</sql>
	</install>
	<files>
		<folder>sql</folder>
		<folder>include</folder>
		<filename plugin="rsfpnextpay">rsfpnextpay.php</filename>
		<filename>nextpay_payment.php</filename>
		<filename>index.html</filename> 
	</files>
	<languages folder="language/fa-IR">
		<language tag="fa-IR">fa-IR.plg_system_rsfpnextpay.ini</language>
		<language tag="fa-IR">fa-IR.plg_system_rsfpnextpay.sys.ini</language>
	</languages>
</extension>